web,server
Office,Items
Blue,Apron,(recipes)
my,folder
New,Project
Supplies
Weight
Hydration,Levels
furniture
beds
Beers
Men's,Fashion
Reston
clothing
free,weights
Fitness
Adobe,Stock
Combo,Box,(My,Stuff)
Starr
TOPLEVELFOLDER,(My,Stuff)
Web,development
ynes
New,Project,(My,Stuff)
more,images
alberto
recliners
fancy,recliners
testing,wiki,import
Salvador,Dali
40,Hours
American's,Death
hiking
news
Number,Affected
True,Detective
TV,Shows
testing,images
Giro,Rosa
Items,to,Purchase
Furniture
javascript
psychology
Game,of,Thrones
Silicon,Valley
The,Veep
modularity
Shower,doors
The,Brink
beef
House
Seats
South
